link|processed
https://www.zonadocs.mx/2025/03/10/rostros-del-8m-infancias-y-adolescencias-marchan-en-cdmx/|0
https://www.zonadocs.mx/2025/03/04/como-podemos-cuidarnos-durante-la-marcha-8m-2025/|0
https://www.zonadocs.mx/2025/03/11/8m-sobre-ruedas-por-el-derecho-a-moverse-libremente/|0
https://www.zonadocs.mx/2025/03/11/8m-sobre-ruedas-por-el-derecho-a-moverse-libremente/
https://www.zonadocs.mx/2025/03/09/queremos-salir-tranquilas-a-las-calles-infancias-en-el-8m-en-guadalajara/|0
https://www.zonadocs.mx/2025/03/09/les-queremos-de-vuelta-mujeres-buscadoras-marchan-este-8m/|0
https://www.zonadocs.mx/2025/03/10/mujeres-de-colima-regresan-a-las-calles-este-8m-en-respuesta-a-represion-de-2024/|0
https://www.zonadocs.mx/2025/03/04/movimiento-feminista-de-zacatecas-solicita-marcha-8m-sin-policias-tras-represion-en-2024/|0
https://www.zonadocs.mx/2025/03/04/por-la-rabia-y-la-esperanza-guadalajara-se-prepara-para-la-marcha-del-8m/|0
https://www.zonadocs.mx/2025/03/09/postales-de-la-justa-rabia-8m-en-guadalajara/|0
https://www.zonadocs.mx/2025/03/09/justicia-el-clamor-8m/|0
https://www.zonadocs.mx/category/resistencias-feministas/|0
https://www.zonadocs.mx/2025/03/10/la-verguenza-tiene-que-cambiar-de-bando/|0
https://www.zonadocs.mx/2025/03/09/rebeldia-carmesi-redefiniendo-el-bloque-negro-en-el-movimiento-feminista/|0
https://www.zonadocs.mx/2025/03/09/de-la-rabia-nacio-nuestra-esperanza-asi-se-vivio-el-8m2025-en-guadalajara/|0
https://www.zonadocs.mx/2025/03/09/que-caiga-con-fuerza-el-feminicida-reclaman-justicia-colectivas-en-jalisco-para-las-victimas-de-eduardo-n/|0
https://www.zonadocs.mx/2025/01/26/maria-elena-rios-alerta-que-su-agresor-esta-libre/|0
https://www.zonadocs.mx/2025/03/09/rebeldia-carmesi-redefiniendo-el-bloque-negro-en-el-movimiento-feminista/|0
https://www.zonadocs.mx/2025/03/04/movimiento-feminista-de-zacatecas-solicita-marcha-8m-sin-policias-tras-represion-en-2024/|0
https://www.zonadocs.mx/category/resistencias-feministas/|0
https://www.zonadocs.mx/2025/03/12/hoy-mas-que-nunca-nuestra-lucha-es-antifascista-anticapitalista-y-antipatriarcal-furia-mexicana/|0
https://www.zonadocs.mx/2025/02/15/mujeres-y-colectivos-celebran-el-nombramiento-como-fiscal-de-sayuti-herrera-en-cdmx/|0
https://www.zonadocs.mx/2025/03/02/mujeres-gracias-por-salvarnos-en-las-dictaduras/|0
https://www.zonadocs.mx/2025/03/05/sororia/|0
https://www.zonadocs.mx/2025/03/09/de-la-rabia-nacio-nuestra-esperanza-asi-se-vivio-el-8m2025-en-guadalajara/|0
https://www.zonadocs.mx/2025/03/09/justicia-el-clamor-8m/|0
https://www.zonadocs.mx/2025/03/04/por-la-rabia-y-la-esperanza-guadalajara-se-prepara-para-la-marcha-del-8m/|0
https://www.milenio.com/cultura/marcha-8m-consigas-y-su-significado|0
https://www.milenio.com/cultura/el-8m-es-pensar-y-reflexionar-que-es-el-dia-internacional-de-la-mujer|0
https://www.milenio.com/politica/comunidad/por-que-no-felicitar-8m-a-la-mujer|0
https://www.milenio.com/opinion/ricardo-monreal-avila/antilogia/un-8m-con-participacion-historica|0
https://www.milenio.com/cultura/8m-cultura-peliculas-series-musica-lucha-feminista|0
https://www.milenio.com/internacional/feministas-espanolas-marcharan-divididas-8m-ano|0
https://www.milenio.com/estados/marcha-8m-coahuila-durango-2025-hoy-noticias-en-vivo|0
https://www.milenio.com/internacional/consignas-trump-dominan-manifestaciones-8m-eu|0
https://www.milenio.com/politica/comunidad/marcha-8m-en-vivo-noticias-de-la-manifestacion-en-cdmx-al-momento|0
https://www.milenio.com/especiales/el-purplewashing-frente-al-8m_2|0
https://www.milenio.com/cultura/8m-eventos-culturales-festivales-clases-del-dia-de-la-mujer|0
https://www.milenio.com/virales/8m-frases-para-enviar-por-whatsapp-y-conmemorar-el-dia-de-la-mujer|0
https://www.milenio.com/politica/comunidad/marcha-8m-pachuca-2025-noticias-vivo|0
https://www.milenio.com/estados/marcha-8m-2025-en-tamaulipas-en-vivo-ultimas-noticias-recorrido|0
https://www.milenio.com/opinion/lol-canul/lente-transversal/8m-como-punto-de-encuentro|0
https://www.milenio.com/politica/comunidad/marcha-por-el-8m-en-monterrey-a-que-hora-es-y-donde-inicia|0
https://www.milenio.com/politica/comunidad/marcha-8m-edomex-2025-en-vivo-hoy-ultimas-noticias-y-ruta|0
https://www.milenio.com/politica/comunidad/ruta-de-la-marcha-8m-2025-en-guadalajara-calles-y-avenidas-que-usaran|0
https://www.milenio.com/politica/comunidad/el-stencil-una-herramienta-de-lucha-y-visibilidad-en-el-8m|0
https://www.milenio.com/politica/segob-presenta-decalogo-gestionar-marchas-del-8m|0
https://www.milenio.com/politica/comunidad/ruta-marcha-8m-puebla-calles-cerradas-vias-alternas|0
https://www.milenio.com/politica/comunidad/agrupaciones-que-participaran-en-la-marcha-del-8m-en-cdmx|0
https://www.milenio.com/politica/comunidad/cuantas-asistentes-esperan-en-marcha-8m-en-jalisco|0
https://www.milenio.com/politica/comunidad/marcha-del-8m-en-cdmx-2025-a-que-hora-inicia-el-recorrido|0
https://www.milenio.com/politica/comunidad/joven-combate-olvido-dolor-poesia-8m-monterrey|0
https://www.milenio.com/opinion/nohemi-arguello-sosa/sententia/marcha-8m-poryparatodas|0
https://www.milenio.com/politica/comunidad/marcha-del-8m-en-leon-2025-ruta-horario-y-recomendaciones|0
https://www.milenio.com/politica/comunidad/exigen-justicia-para-las-que-ya-no-estan-8m-en-pachuca|0
https://www.milenio.com/videos/politica/comunidad/todo-listo-en-la-ciudad-de-mexico-para-la-marcha-de-8m|0
https://www.milenio.com/policia/violacion-de-derechos-humanos-durante-marcha-de-8m-en-merida|0
https://www.milenio.com/politica/comunidad/marcha-8m-en-edomex-2025-a-que-hora-inicia-y-puntos-de-reunion|0
https://www.milenio.com/temas/marcha-8m|0
https://www.milenio.com/politica/comunidad/marcha-8m-monterrey-2025-hoy-8-de-marzo-ultimas-noticias-en-vivo|0
https://www.milenio.com/estados/ciudades-tamaulipas-marcha-8m-conoce-horarios|0
https://www.milenio.com/politica/comunidad/se-deslindan-de-intervencion-de-la-minerva-por-marcha-8m|0
https://www.milenio.com/estados/la-laguna-mas-de-7-mil-mujeres-marchan-este-8m-2025|0
https://www.milenio.com/videos/politica/comunidad/que-se-espera-de-la-marcha-por-el-8m|0
https://www.milenio.com/estados/mujer-denuncia-agresion-policial-durante-la-marcha-8m-en-pachuca|0
https://www.milenio.com/estados/asistiras-marcha-8m-colectivos-tampico-comparten-consejos|0
https://www.milenio.com/videos/milenio-tv/sin-reservas/nuevamente-llegamos-8m-avances-alzando-voz-reservas|0
https://www.milenio.com/politica/comunidad/calles-cerradas-durante-marcha-del-8m-en-leon-2025|0
https://www.milenio.com/videos/politica/200-mil-mujeres-marcharon-cdmx-8m-jornada-pacifica|0
https://www.milenio.com/estados/marcha-8m-en-tampico-2025-horario-y-ruta-del-recorrido-de-colectivos|0
https://www.milenio.com/politica/comunidad/que-rutas-de-transporte-tendran-cambios-por-marcha-8m-jalisco|0
https://www.milenio.com/estados/inicia-la-cdheh-queja-de-oficio-tras-marcha-del-8m-en-pachuca|0
https://www.milenio.com/politica/comunidad/marcha-8m-cdmx-2025-cual-sera-la-ruta-por-dia-de-la-mujer|0
https://www.milenio.com/politica/comunidad/cdmx-desplegara-500-servidoras-publicas-marcha-del-8m|0
https://www.milenio.com/estados/colocan-antimonumenta-durante-marcha-del-8m-en-durango|0
https://www.milenio.com/sociedad/mujeres-conmemoran-el-8m-trabajando-en-mercados-y-calles-de-pachuca|0
https://www.milenio.com/videos/politica/segob-lanza-decalogo-para-marchas-del-8m-en-el-pais|0
https://www.milenio.com/videos/politica/comunidad/comienza-marcha-feminista-8m-cdmx-salen-contingentes|0
https://www.milenio.com/politica/detienen-a-infiltrados-en-la-marcha-del-8m-en-pachuca|0
https://www.milenio.com/politica/comunidad/marcha-8m-pachuca-2025-horarios-ruta-marcha|0
https://www.milenio.com/politica/comunidad/anuncian-marcha-del-8m-en-puebla-aqui-los-detalles|0
https://www.milenio.com/politica/comunidad/marcha-8m-en-leon-2025-cuando-es-a-que-hora-todo-lo-que-debes-saber|0
https://www.milenio.com/estados/torreon-te-decimos-actividades-que-habra-despues-de-la-marcha-8m|0
https://www.milenio.com/videos/politica/comunidad/esta-sera-la-ruta-de-la-marcha-del-8m-en-cdmx|0
https://www.milenio.com/estados/marcha-8m-en-la-laguna-2025-cual-sera-la-ruta-y-horarios|0
https://www.milenio.com/videos/estados/protesta-8m-merida-termina-canones-agua-gas-lacrimogeno|0
https://www.milenio.com/estados/colectivo-las-viboras-en-el-desierto-marcha-del-8m-en-gomez-palacio|0
https://www.milenio.com/estados/cuales-calles-estaran-cerradas-por-la-marcha-8m-en-la-laguna|0
https://www.milenio.com/estados/marcha-8m-guarderia-torreon-madres-participantes|0
https://www.milenio.com/estados/a-que-hora-empieza-la-marcha-del-8m-en-la-laguna|0
https://www.milenio.com/politica/comunidad/8m-por-que-se-conmemora-el-dia-internacional-de-la-mujer-cada-8-marzo|0
https://www.milenio.com/virales/8m-50-frases-poderosas-para-tu-cartel|0
https://www.milenio.com/videos/milenio-tv/antilogia/8m-fecha-profundo-significado-derechos-mujeres-antilogia|0
https://www.milenio.com/opinion/sarkis-mikel-jeitani/palabras-hechos/conmemoracion-del-8m|0
https://www.milenio.com/opinion/david-aaron-cardenas/dejame-te-pregunto/un-8m-con-presidenta|0
https://www.milenio.com/videos/politica/comunidad/ninas-acuden-marcha-8m-ciudad-mexico|0
https://www.milenio.com/virales/hombre-descubre-fue-expuesto-el-8m-como-mal-padre-y-explota|0
https://www.milenio.com/videos/politica/claudia-sheinbaum-conmemora-8m-reafirma-compromiso-violencia-genero|0
https://www.milenio.com/videos/politica/miles-mujeres-exigen-justicia-8m-impactantes-performances|0
https://www.milenio.com/deportes/mas-aficion/torreon-haran-carrera-4-y-8k-solo-para-mujeres-por-el-8m|0
https://www.milenio.com/politica/comunidad/menchaca-rechaza-irregularidades-en-detenciones-tras-8m-en-hidalgo|0
https://www.milenio.com/politica/comunidad/comerciantes-espera-que-marchas-8m-se-lleven-con-calma-y-tranquilidad|0
https://www.milenio.com/videos/estados/blindan-palacio-gobierno-leon-protestas-8m|0
https://www.milenio.com/deportes/futbol/8m-girls-united-llega-a-mexico-para-inspirar-ninas-con-el-futbol|0
https://www.milenio.com/videos/estados/juez-dicta-prision-preventiva-detenidos-marcha-8m-pachuca|0
https://www.milenio.com/politica/comunidad/arzobispado-de-guadalajara-condena-vandalismo-durante-marchas-del-8m|0
https://www.milenio.com/virales/por-que-se-usan-los-colores-morado-verde-naranja-y-rosa-el-8m|0
https://www.milenio.com/espectaculos/famosos/imelda-tunon-asiste-al-8m-en-medio-de-escandalo-con-maribel-guardia|0
https://www.milenio.com/politica/comunidad/asi-sera-el-operativo-por-marcha-8m-en-jalisco|0
https://www.milenio.com/espectaculos/musica/vivir-quintana-responsabilidad-empatia-conciencia-8m|0
https://www.milenio.com/espectaculos/famosos/familia-aguilar-criticada-por-video-del-8m-para-promocionarse|0
https://www.milenio.com/opinion/david-perez/hacer-las-paces/entre-el-maraton-y-el-8m|0
https://www.milenio.com/espectaculos/famosos/paola-nunez-desprecia-8m-antepone-esterilizacion-canina-mujeres-apoyan|0
https://www.milenio.com/estados/realizan-dos-marchas-del-8m-en-saltillo-para-exigir-justicia|0
https://www.milenio.com/estados/durango-presentan-denuncias-quema-congreso-8m|0
https://www.milenio.com/politica/comunidad/justicia-alto-feminicidios-exigen-marcha-8m-puebla|0
https://www.milenio.com/politica/mas-de-500-mujeres-participan-en-la-conmemoracion-del-8m-en-tizayuca|0
https://www.milenio.com/videos/policia/mujeres-hidalgo-comparten-testimonios-marcha-8m|0
https://www.milenio.com/politica/comunidad/evaluan-proteger-monumentos-en-pachuca-previo-a-marcha-8m|0
https://www.milenio.com/estados/marchas-en-mexico-por-8-de-marzo-en-vivo-noticias-al-momento|0
https://www.milenio.com/videos/estados/inseguridad-colectivos-feministas-suspenden-marchas-8m-norte-veracruz|0
https://www.milenio.com/politica/comunidad/miles-mujeres-alzan-voz-consignas-marcha-8-marzo-monterrey|0
https://www.milenio.com/estados/marcha-8m-en-torreon-mas-de-200-mujeres-policias-en-operativo|0
https://www.milenio.com/opinion/eduardo-gonzalez/intelecto-opuesto/el-mensaje-de-la-presidenta-en-8m|0
https://www.milenio.com/videos/politica/comunidad/oficiales-secretaria-seguridad-ciudadana-respaldan-marcha-8m-cdmx|0
https://www.milenio.com/opinion/nohemi-arguello-sosa/sententia/8m-violencia-genera-violencia|0
https://www.mural.com.mx/8m-no-se-celebra-se-conmemora/ar2966631|0
https://www.mural.com.mx/asi-sera-la-ruta-de-la-marcha-8m-en-guadalajara/ar2966266|0
https://www.mural.com.mx/marchan-mujeres-por-el-8m-en-cdmx/ar2966675?v=9|0
https://www.mural.com.mx/el-8m-en-guadalajara-a-traves-de-imagenes/ar2966792|0
https://www.mural.com.mx/en-el-8m-tapatias-hablan-sobre-equidad-en-el-ambito-laboral/ar2965468|0
https://www.mural.com.mx/famosas-y-activistas-se-pronuncian-en-el-8m/ar2966729|0
https://www.mural.com.mx/revelan-en-8m-abuso-sexual-de-entrenador/ar2968123|0
https://www.mural.com.mx/luchan-desde-la-rabia-por-el-8m/ar2966859|0
https://www.mural.com.mx/respaldara-congreso-local-movilizacion-por-8m/ar2966204|0
https://www.mural.com.mx/salen-miles-a-marchar-por-el-8m-en-guadalajara/ar2966814?v=2|0
https://www.mural.com.mx/libre/players/mmplayer.aspx?idm=188314&te=100&ap=1|0
https://www.mural.com.mx/libre/players/mmplayer.aspx?idm=188319&te=100&ap=1|0
https://www.mural.com.mx/manifiesta-sokol-reflexion-sobre-justicia-en-mexico-por-8m/ar2966647|0
https://www.mural.com.mx/libre/players/mmplayer.aspx?idm=188323&te=100&ap=1&c=20|0
https://www.mural.com.mx/cardenal-reprueba-vandalismo-en-el-8m/ar2967703|0
https://www.mural.com.mx/marcha-separatista-exige-justicia-para-victimas-de-violencia/ar2966840|0
https://www.mural.com.mx/8m-marchar-hasta-que-deje-de-ser-necesario-2025-03-07/op288576|0
https://www.mural.com.mx/escribir-una-historia-cada-vez-mas-justa-2025-03-07/op288583|0
https://www.mural.com.mx/libre/players/mmplayer.aspx?te=100&idm=188323|0
https://www.mural.com.mx/libre/players/mmplayer.aspx?idm=188205&te=100&ap=1|0
https://www.mural.com.mx/va-pri-por-agenda-de-genero-en-congreso-de-jalisco/ar2959353|0
https://www.mural.com.mx/aplicacioneslibre/articulo/default.aspx?id=2966549&md5=3e20f089bd96f97dce84a68bc256cebc&ta=0dfdbac11765226904c16cb9ad1b2efe|0
https://www.mural.com.mx/claman-por-seguridad-y-alto-a-feminicidios-en-estados/ar2966718?v=6|0
https://www.mural.com.mx/7-de-cada-10-feminicidios-dejan-hijos-en-la-orfandad/ar2966811|0
https://www.mural.com.mx/impulsan-las-morras-festival-con-mas-de-300-creativas/ar2960295|0
https://www.mural.com.mx/famosas-ponen-alto-a-la-violencia-intrafamiliar/ar2966916|0
https://www.mural.com.mx/somos-la-base-ortiz-sobre-el-papel-de-la-mujer/ar2966489|0
https://www.mural.com.mx/sigue-brecha-en-la-musica-entre-hombres-y-mujeres/ar2966932|0
https://www.mural.com.mx/denuncian-siete-victimas-a-entrenador-de-nl-ante-fiscalia/ar2968120|0
https://www.mural.com.mx/investiga-fiscalia-a-entrenador-surgen-mas-casos/ar2968121|0
https://www.informador.mx/mexico/Frases-que-NO-debes-decirle-a-una-mujer-el-8M-segun-la-inteligencia-artificial-20250306-0223.html|0
https://www.informador.mx/mexico/Marcha-8M-Por-que-en-las-protestas-se-hacen-pintas-y-ataques-a-las-cosas-20250308-0068.html|0
https://www.informador.mx/mexico/8M-Morado-rosa-naranja-este-es-el-significado-de-los-colores-en-la-marcha-por-el-Dia-de-la-Mujer-20250307-0070.html|0
https://www.informador.mx/mexico/Marcha-8M-Que-si-y-que-no-llevar-a-la-marcha-de-este-sabado-20250307-0077.html|0
https://www.informador.mx/Dia-Internacional-de-la-Mujer-EN-VIVO-Todos-los-detalles-de-las-marchas-del-8M-t202503080001.html|0
https://www.informador.mx/mexico/8M-6-recomendaciones-para-prepararte-y-asistir-a-la-marcha-20250307-0095.html|0
https://www.informador.mx/mexico/Marcha-8M-Por-que-en-el-Dia-Internacional-de-la-Mujer-2025-no-se-felicita-20250308-0061.html|0
https://www.informador.mx/mexico/Que-significa-el-color-morado-en-el-8M-20250305-0214.html|0
https://www.informador.mx/mexico/8M-Mexicanas-marchan-en-los-estados-por-el-Dia-Internacional-de-la-Mujer-20250308-0079.html|0
https://www.informador.mx/mexico/8M-Recapitulacion-de-la-lucha-feminista-mexicana-en-el-marco-del-Dia-de-la-Mujer-20250307-0139.html|0
https://www.informador.mx/estilo/8M-Que-es-la-sororidad-termino-feminista-que-representa-el-apoyo-entre-mujeres-20250307-0075.html|0
https://www.informador.mx/jalisco/8M-2025-Asi-se-vivio-el-Dia-Internacional-de-la-Mujer-en-Guadalajara-20250308-0098.html|0
https://www.informador.mx/mexico/Marcha-del-8M-Las-consignas-que-marcaran-la-jornada-feminista-20250304-0164.html|0
https://www.informador.mx/jalisco/Marcha-8M-en-Guadalajara-Este-sera-el-clima-durante-las-manifestaciones-20250306-0094.html|0
https://www.informador.mx/mexico/8M-2025-Gran-participacion-de-mujeres-en-marcha-de-la-CDMX-20250308-0091.html|0
https://www.informador.mx/jalisco/8M-Libres-y-vivas-el-clamor-de-las-mujeres-20250309-0030.html|0
https://www.informador.mx/mexico/Marcha-8M-CDMX-Movilizaciones-del-2025-rompen-record-de-asistencia-20250309-0053.html|0
https://www.informador.mx/jalisco/8M-2025--Toma-nota-Estas-son-las-marchas-que-habra-en-Guadalajara-por-el-Dia-de-la-Mujer-20250302-0050.html|0
https://www.informador.mx/jalisco/8M-toma-las-calles-Exigencia-memoria-y-resistencia-en-Jalisco-20250308-0089.html|0
https://www.informador.mx/mexico/8M-Consejos-para-cuidar-tu-seguridad-en-la-marcha-20250307-0154.html|0
https://www.informador.mx/mexico/Asi-puedes-disenar-tu-cartel-si-asistes-a-la-marcha-el-8M-20250307-0231.html|0
https://www.informador.mx/mexico/8M-2025-Que-hacer-si-no-puedes-asistir-a-la-marcha-del--20250307-0229.html|0
https://www.informador.mx/economia/8M-Cual-es-la-participacion-economica-de-las-mujeres-en-Mexico-20250306-0110.html|0
https://www.informador.mx/jalisco/8M-2025-Consejos-de-seguridad-que-debes-tomar-en-cuenta-para-la-marcha-del-Dia-Internacional-de-la-Mujer-en-Guadalajara-20250305-0170.html|0
https://www.informador.mx/ideas/Otra-vez-vispera-violenta-al-8M-20250307-0026.html|0
https://www.informador.mx/jalisco/8M-2025-Astrid-y-su-hijo-no-se-olvidan-la-marcha-exige-justicia-20250308-0084.html|0
https://www.informador.mx/mexico/Marcha-del-8M-en-CDMX-Estos-son-los-objetos-que-NO-debes-llevar-20250304-0208.html|0
https://www.informador.mx/mexico/Marcha-del-8M-2025-en-Edomex-Esta-sera-la-ruta-y-horarios-20250306-0212.html|0
https://www.informador.mx/economia/Marcha-8M-Cuanto-tiene-que-trabajar-una-mujer-para-igualar-el-salario-de-un-hombre-20250308-0071.html|0
https://www.informador.mx/jalisco/8M-2025-Las-mujeres-trabajadoras-alzan-la-voz-y-apoyan-la-marcha-del-Dia-Internacional-de-la-Mujer-20250308-0090.html|0
https://www.informador.mx/jalisco/8M-Mis-ancestras-callaron-yo-quiero-que-la-violencia-pare-20250309-0029.html|0
https://www.informador.mx/jalisco/8M-2025-Comienza-concentracion-en-La-Minerva-20250308-0082.html|0
https://www.informador.mx/jalisco/Guadalajara-8M-Esta-sera-la-ruta-de-la-marcha-por-el-Dia-Internacional-de-la-Mujer-20250225-0143.html|0
https://www.informador.mx/entretenimiento/8M-Famosas-alzan-la-voz-por-los-derechos-de-las-mujeres-20250309-0036.html|0
https://www.informador.mx/jalisco/8M-2025-Marchan-en-Guadalajara-contra-los-feminicidios-los-abusos-y-la-violencia-vicaria-20250308-0101.html|0
https://www.informador.mx/cultura/Mujeres-Conmemoran-el-8M-con-agenda-artistica-20250303-0001.html|0
https://www.informador.mx/mexico/Marcha-del-8M-2025-en-CDMX-esta-sera-la-ruta-y-horarios-20250304-0116.html|0
https://www.informador.mx/tecnologia/8M-Estudio-revela-que-la-mayoria-de-las-mujeres-esta-preocupada-por-su-seguridad-digital-20250305-0056.html|0
https://www.informador.mx/mexico/8M-Recolectaran-firmas-para-sacar-el-aborto-del-Codigo-Penal-en-marcha-20250307-0178.html|0
https://www.informador.mx/jalisco/Marchas-por-8M-en-Guadalajara-seran-vigiladas-por-450-oficiales-mujeres-20250307-0027.html|0
https://www.informador.mx/jalisco/8M-2025-Frente-radical-feminista-sale-de-la-Glorieta-de-los-Ninos-Heroes-20250308-0083.html|0
https://www.informador.mx/mexico/8M-Sheinbaum-anuncia-10-acciones-en-favor-de-la-mujer-20250308-0070.html|0
https://www.informador.mx/jalisco/Congreso-de-Jalisco-destaca-el-exito-de-las-medidas-adoptadas-durante-la-marcha-del-8M-20250310-0190.html|0
https://www.informador.mx/mexico/Marcha-8M-en-CDMX-Estaciones-cerradas-en-Metro-CDMX-y-Metrobus-20250307-0206.html|0
https://www.informador.mx/jalisco/Marchas-8M-Guadalajara-Estos-son-los-cierres-viales-y-rutas-alternativas-20250307-0152.html|0
https://www.informador.mx/mexico/Estas-son-las-actividades-GRATIS-que-habra-en-la-CDMX-por-el-8M-20250307-0153.html|0
https://www.informador.mx/jalisco/8M-2025-Claman-justicia-por-Isis-y-Liz-victimas-de-feminicidio-20250308-0085.html|0
https://www.informador.mx/ideas/Diego-Petersen-Farah-8M-con-una-presidenta-entre-vallas-y-un-machismo-reloaded-20250307-0028.html|0
https://www.informador.mx/cultura/8M-2025-El-MUSA-conmemora-el-Dia-Internacional-de-la-Mujer-con-arte-y-reflexion-20250306-0202.html|0
https://www.informador.mx/cultura/Dia-Internacional-de-la-Mujer-Autoras-mexicanas-que-recomienda-leer-la-IA-en-este-8M-20250307-0162.html|0
https://www.informador.mx/mexico/Marcha-8M-Colocan-vallas-metalicas-en-Palacio-Nacional-antes-del-Dia-de-la-Mujer-20250305-0054.html|0
https://www.informador.mx/entretenimiento/8M-Gala-Montes-arremete-contra-Karime-Pindter-tras-su-asistencia-a-marcha-del-Dia-de-la-Mujer-20250312-0163.html|0
https://www.informador.mx/ideas/La-banalidad-del-mal-y-el-8M-20250309-0020.html|0
https://www.informador.mx/jalisco/8M-2025-Movimiento-Ciudadano-Jalisco-firma-manifiesto-a-favor-de-la-mujer-20250308-0078.html|0
https://www.informador.mx/mexico/Marcha-del-8M-en-CDMX-lista-de-contingentes-donde-salen-y-a-que-hora-20250305-0200.html|0
https://www.informador.mx/mexico/Dictan-prision-preventiva-a-hombres-en-Hidalgo-por-disturbios-en-marcha-del-8M-20250311-0170.html|0
https://www.informador.mx/jalisco/Transporte-publico-Rutas-de-camiones-cambiaran-sus-recorridos-el-sabado-en-Guadalajara-debido-a-marchas-por-el-8M-20250307-0185.html|0
https://www.informador.mx/internacional/Dia-Internacional-de-la-Mujer-Miles-de-mujeres-en-Italia-marchan-en-pleno-debate-por-Ley-Feminicidio-20250308-0042.html|0
https://www.informador.mx/mexico/8M-Familiares-de-victimas-de-feminicidio-y-desaparicion-protestan-en-Palacio-Nacional-20250306-0107.html|0
https://www.informador.mx/internacional/Marcha-virtual-por-el-8M-Asi-puedes-sumarte-en-Roblox-20250307-0211.html|0
https://www.informador.mx/internacional/Dia-Internacional-de-la-Mujer-Activistas-afganas-llaman-a-parar-el-apartheid-de-genero-por-el-8M-20250307-0063.html|0
https://www.informador.mx/jalisco/PRI-Jalisco-lanza-la-estrategia-Nuestra-Agenda-8M-en-el-Congreso-estatal-20250224-0175.html|0
https://www.informador.mx/ideas/Ahora-Astrid-a-solo-cinco-dias-del-8M-20250305-0028.html|0
https://www.informador.mx/cultura/Estas-son-las-actividades-GRATIS-en-Guadalajara-por-el-8M-20250307-0133.html|0
https://www.informador.mx/cultura/Mujeres-Festival-Las-Morras-impulsa-el-arte-local-femenino-20250227-0198.html|0
https://www.informador.mx/jalisco/Marchan-en-Guadalajara-por-los-feminicidios-los-abusos-y-la-violencia-vicaria-20250308-0101.html|0
https://www.informador.mx/mexico/Cartilla-de-los-Derechos-de-las-Mujeres-Que-es-y-que-contiene-20250307-0166.html|0
https://www.informador.mx/mexico/La-importancia-de-las-marchas-feministas-y-algunas-recomendaciones-para-asistir-20250307-0172.html|0
https://www.informador.mx/mexico/Sheinbaum-presenta-la-Cartilla-de-Derechos-de-las-Mujeres-20250307-0085.html|0
https://www.informador.mx/violencia-contra-las-mujeres/-t835|0
https://www.informador.mx/deportes/El-Barcelona-renueva-a-otra-de-sus-joyas-20250201-0010.html|0
https://www.informador.mx/deportes/Charros-de-Jalisco-Se-empata-la-serie-contra-Naranjeros-20250112-0109.html|0
https://www.informador.mx/estilo/Que-relacion-tienen-las-enfermedades-y-dormir-poco-20250306-0124.html|0
https://www.informador.mx/mexico/Coparmex-senala-urgencia-de-acciones-que-mejoren-situacion-laboral-de-las-mujeres-20250307-0187.html|0
https://www.informador.mx/cultura/Mujeres-Galardonan-la-labor-cultural-femenina-en-el-Estado-20250305-0227.html|0
https://www.informador.mx/gentebien/Mujeres-que-inspiran-Luisa-Mendoza-visibilizando-a-las-mujeres-a-traves-del-arte-20250305-0210.html|0
https://www.informador.mx/jalisco/Tlaquepaque-conmemora-el-Dia-Internacional-de-la-Mujer-20250307-0219.html|0
https://www.informador.mx/tecnologia/La-terapia-para-acabar-con-las-pesadillas-20250306-0119.html|0
https://www.informador.mx/jalisco/Fomentan-intercambio-comercial-con-Texas-20250225-0153.html|0
https://www.informador.mx/internacional/Dia-Internacional-de-la-Mujer-Marchas-feministas-llenan-las-calles-del-mundo-por-la-igualdad-y-contra-la-violencia-machista-20250308-0065.html|0
https://www.meganoticias.mx/cdmx/noticia/8m-miles-de-mujeres-marchan-contra-la-violencia-en-mexico/502883|0
https://www.meganoticias.mx/cdmx/noticia/se-movilizaron-miles-de-mujeres-en-la-marcha-del-8m/602196|0
https://www.meganoticias.mx/tuxpan/noticia/miles-de-mujeres-piden-por-su-seguridad-en-8m/602209|0
https://www.meganoticias.mx/guadalajara/noticia/se-movilizaron-miles-de-mujeres-en-la-marcha-del-8m/602196|0
https://www.meganoticias.mx/guaymas/noticia/los-retos-y-reconocimientos-en-el-8m/601995|0
https://www.meganoticias.mx/los-mochis/noticia/participan-miles-en-movilizaciones-del-8m-en-guadalajara/602171|0
https://www.meganoticias.mx/morelia/noticia/marcha-del-8m-en-saltillo-detenciones-protestas-y-polemica/602711|0
https://www.meganoticias.mx/zamora-la-piedad/noticia/marchan-mujeres-por-8m-en-nuevo-leon/602206|0
https://www.meganoticias.mx/guadalajara/noticia/marchan-por-todas-en-el-8m/602205|0
https://www.meganoticias.mx/zamora-la-piedad/noticia/decenas-de-mujeres-marchan-conmemorando-el-8m/602641|0
https://www.meganoticias.mx/cdmx/noticia/marchan-mujeres-por-8m-en-nuevo-leon/602206|0
https://www.meganoticias.mx/cdmx/noticia/marchan-por-todas-en-el-8m/602205|0
https://www.meganoticias.mx/leon/noticia/todo-listo-para-la-marcha-de-la-mujer-del-8m/601343|0
https://www.meganoticias.mx/cdmx/noticia/marcha-del-8m-2025-concentro-mas-de-mil-asistentes/602197|0
https://www.meganoticias.mx/cdmx/noticia/miles-de-mujeres-marchan-en-toluca-8m/602141|0
https://www.meganoticias.mx/durango/noticia/el-saldo-de-la-marcha-del-8m-en-durango/602593|0
https://www.meganoticias.mx/salina-cruz/noticia/manifestaciones-del-8m-en-oaxaca-incluyen-protestas-y-actos-vandalicos/602167|0
https://www.meganoticias.mx/toluca/noticia/miles-de-mujeres-toman-toluca-en-marcha-por-el-8m/602389|0
https://www.meganoticias.mx/tepic/noticia/8m-fuerza-y-persistencia-colectiva/601811|0
https://www.meganoticias.mx/guadalajara/noticia/atienden-iglesia-danos-a-edificios-religiosos-tras-protestas-del-8m/602274|0
https://www.meganoticias.mx/torreon/noticia/la-ruta-de-la-marcha-del-8m-en-la-laguna/602033|0
https://www.meganoticias.mx/queretaro/noticia/previo-a-marchas-del-8m-cubren-templo-de-san-francisco/602122|0
https://www.meganoticias.mx/toluca/noticia/maternidades-e-infancias-se-hacen-presentes-en-la-marcha-8m/602155|0
https://www.meganoticias.mx/salina-cruz/noticia/marchan-mujeres-por-8m-en-nuevo-leon/602206|0
https://www.meganoticias.mx/queretaro/noticia/anuncian-actividades-previas-a-la-marcha-del-8m-en-queretaro/595805|0
https://www.meganoticias.mx/torreon/noticia/recrimina-arzobispado-falta-de-proteccion-a-catedral-el-8m/602673|0
https://www.meganoticias.mx/puebla/noticia/conoce-horario-y-puntos-de-encuentro-para-marchas-del-8m/601807|0
https://www.meganoticias.mx/cdmx/noticia/este-sabado-se-realizara-la-marcha-8m-en-colima/601715|0
https://www.meganoticias.mx/tepic/noticia/agrupacion-feminista-pide-servicio-de-transporte-publico-para-el-8m/601337|0
https://www.meganoticias.mx/salamanca/noticia/familiares-de-victimas-de-homicidio-y-feminicidio-invitados-al-8m/601035|0
https://www.meganoticias.mx/culiacan/noticia/marchan-mujeres-por-8m-en-nuevo-leon/602206|0
https://www.meganoticias.mx/zacatecas/noticia/piden-a-funcionarias-y-servidoras-publicas-no-estar-en-8m/602055|0
https://www.meganoticias.mx/los-mochis/noticia/despues-de-un-ano-ssp-se-disculpa-por-8m/602087|0
https://www.meganoticias.mx/guadalajara/noticia/desplegaran-mujeres-de-la-policia-vial-para-marchas-del-8m/601711|0
https://www.meganoticias.mx/guadalajara/noticia/semujer-elabora-protocolo-amigable-para-8m/593132|0
https://www.meganoticias.mx/los-mochis/noticia/este-8m-diversas-concentraciones-en-xalapa-aqui-los-detalles-/602085|0
https://www.meganoticias.mx/s-luis-r-colorado/noticia/recrimina-arzobispado-falta-de-proteccion-a-catedral-el-8m/602673|0
https://www.meganoticias.mx/index.php/zamora-la-piedad/noticia/sororidad-equidad-respeto-y-tolerancia-dentro-de-conferencias-por-8m/601282|0
https://www.meganoticias.mx/xalapa/noticia/colectivos-feministas-alistan-manifestaciones-para-el-8m/598016|0
https://www.meganoticias.mx/toluca/noticia/protegen-edificios-del-centro-de-toluca-ante-movilizaciones-del-8m/601966|0
https://www.meganoticias.mx/xalapa/noticia/marchan-por-todas-en-el-8m/602205|0
https://www.meganoticias.mx/guasave/noticia/marchan-por-todas-en-el-8m/602205|0
https://www.meganoticias.mx/salina-cruz/noticia/operativo-en-oaxaca-contra-grupos-infiltrados-en-marcha-8m/602164|0
https://www.meganoticias.mx/cdmx/noticia/reportan-30-mil-asistentes-en-protestas-del-8m-en-guadalajara/602195|0
https://www.meganoticias.mx/salamanca/noticia/por-nuestras-desaparecidas-colectivo-realizara-marcha-en-el-8m/601815|0
https://www.meganoticias.mx/hermosillo/noticia/colectivos-invitan-a-la-marcha-8m/600463|0
https://www.meganoticias.mx/torreon/noticia/colectivas-blindaron-marcha-del-8m-en-torreon/602598|0
https://www.meganoticias.mx/los-mochis/noticia/8m-se-vio-manchado-con-violencia-de-genero-en-guasave/602527|0
https://www.meganoticias.mx/veracruz/noticia/marchan-mujeres-por-8m-en-nuevo-leon/602206|0
https://www.meganoticias.mx/cdmx/noticia/colectivos-feministas-convocan-a-marcha-por-el-8m/404470|0
https://www.meganoticias.mx/tuxpan/noticia/marchan-por-todas-en-el-8m/602205|0
https://www.meganoticias.mx/guaymas/noticia/conmemoran-8m-buscando-a-sus-desaparecidos/602072|0
https://www.meganoticias.mx/s-luis-r-colorado/noticia/tras-mitin-del-8m-limpian-fachada-de-presidencia-municipal/602322|0
https://www.meganoticias.mx/tepic/noticia/previo-al-8m-monumentos-de-guadalajara-se-iluminan-de-morado/601324|0
https://www.meganoticias.mx/zacatecas/noticia/marchan-mujeres-por-8m-en-nuevo-leon/602206|0
https://www.meganoticias.mx/leon/noticia/saldo-blanco-en-la-marcha-del-8m-pero-varios-desechos/602744|0
https://www.meganoticias.mx/tuxtla-gutierrez/noticia/mujeres-chiapanecas-participan-en-marcha-8m/602190|0
https://www.meganoticias.mx/veracruz/noticia/marchas-8m-en-veracruz-conoce-las-calles-que-estaran-cerradas/601121|0
https://www.meganoticias.mx/queretaro/noticia/queretaro-se-moviliza-por-el-8m-conoce-las-convocatorias/601714|0
https://www.meganoticias.mx/xalapa/noticia/este-8m-diversas-concentraciones-en-xalapa-aqui-los-detalles-/602085|0
https://www.meganoticias.mx/veracruz/noticia/rocio-nahle-rinde-informe-en-el-marco-del-8m/602124|0
https://www.meganoticias.mx/culiacan/noticia/mas-de-50-mil-mujeres-fueron-parte-del-8m/503067|0
https://www.meganoticias.mx/tuxtla-gutierrez/noticia/realizan-foro-del-8m-en-el-poder-judicial/602294|0
https://www.meganoticias.mx/guadalajara/noticia/reparan-asta-bandera-del-zocalo-tras-marchas-del-8m/503152|0
https://www.meganoticias.mx/puebla/noticia/conmemoran-a-las-mujeres-en-el-marco-del-8m/601886|0
https://www.meganoticias.mx/ixtapa-zihuatanejo/noticia/que-se-ha-logrado-con-las-marchas-8m/601733|0
https://www.meganoticias.mx/leon/noticia/quedan-limpias-calles-de-leon-despues-de-marcha-del-8m/602519|0
https://www.meganoticias.mx/tuxtla-gutierrez/noticia/convocan-a-mujeres-a-participar-en-marcha-8m/601797|0
https://www.meganoticias.mx/durango/noticia/tendederos-del-8m-se-colocaron-en-el-poder-judicial-estatal/503036|0
https://www.meganoticias.mx/torreon/noticia/tras-mitin-del-8m-limpian-fachada-de-presidencia-municipal/602322|0
https://www.meganoticias.mx/cdmx/noticia/participan-miles-en-movilizaciones-del-8m-en-guadalajara/602171|0
https://www.meganoticias.mx/xalapa/noticia/se-movilizaron-miles-de-mujeres-en-la-marcha-del-8m/602196|0
https://www.meganoticias.mx/puebla/noticia/este-8m-diversas-concentraciones-en-xalapa-aqui-los-detalles-/602085|0
https://www.meganoticias.mx/la-paz/noticia/reparan-malecon-de-la-paz-tras-marcha-del-8m/602699|0
https://www.meganoticias.mx/puebla/noticia/8m-un-dia-para-conmemorar-los-derechos-de-las-mujeres/601942|0
https://www.meganoticias.mx/queretaro/noticia/20-mil-mujeres-marcharon-en-queretaro-8m/503072|0
https://www.meganoticias.mx/tuxtla-gutierrez/noticia/tras-marcha-8m-denuncias-por-violencia-contra-mujeres-resurgen/603264|0
https://www.meganoticias.mx/salina-cruz/noticia/feministas-exhortan-a-evitar-informacion-falsa-tras-marcha-del-8m/406047|0
https://www.meganoticias.mx/queretaro/noticia/marcha-8m-queretaro-calles-lilas-y-llamado-a-la-justicia/602387|0
https://www.meganoticias.mx/torreon/noticia/por-marcha-del-8m-municipio-coloca-vallas-en-plaza-mayor/602144|0
https://www.meganoticias.mx/queretaro/noticia/marcha-femnista-este-8m-dia-internacional-de-la-mujer/502711|0
https://www.meganoticias.mx/index.php/tuxtla-gutierrez/especiales/noticias/10-marzo-2025-10-03-2025/124614|0
https://www.meganoticias.mx/cdmx/noticia/zocalo-de-ciudad-de-mexico-volvio-a-tenirse-de-violeta/602166|0
https://www.meganoticias.mx/salina-cruz/noticia/comienzan-los-cercos-previos-a-manifestaciones-8m-en-oaxaca/601912|0
https://www.meganoticias.mx/VERACRUZ/noticia/desplegaran-mujeres-de-la-policia-vial-para-marchas-del-8m/601711|0
https://www.meganoticias.mx/culiacan/noticia/8m-mujeres-marchan-por-dia-de-la-mujer-en-culiacan/602139|0
https://www.meganoticias.mx/zacatecas/noticia/miles-de-mujeres-marchan-en-toluca-8m/602141|0
https://www.meganoticias.mx/leon/noticia/zocalo-de-ciudad-de-mexico-volvio-a-tenirse-de-violeta/602166|0
https://www.meganoticias.mx/guadalajara/noticia/zocalo-de-ciudad-de-mexico-volvio-a-tenirse-de-violeta/602166|0
https://www.meganoticias.mx/puebla/noticia/voz-de-los-desaparecidos-marcha-en-conmemoracion-del-8m/602147|0
https://www.meganoticias.mx/guadalajara/noticia/feministas-tumban-puerta-de-palacio-gritan-indira-no-es-aliada/602192|0
https://www.meganoticias.mx/colima/noticia/este-8m-diversas-concentraciones-en-xalapa-aqui-los-detalles-/602085|0
https://www.meganoticias.mx/puebla/noticia/gobierno-de-estado-rechaza-detencion-de-joven-durante-marchas/602175|0
https://www.meganoticias.mx/index.php/tuxpan/noticia/primera-vez-en-una-marcha-aqui-te-decimos-como-protegerte/601941|0
https://www.meganoticias.mx/torreon/noticia/diana-lisey-sobreviviente-de-intento-de-fem1n1cidi0-sigue-buscando-justicia/602323|0
https://www.meganoticias.mx/salina-cruz/noticia/cientos-acuden-al-zocalo-a-escuchar-discurso-sobre-aranceles/602343|0
https://www.meganoticias.mx/torreon/noticia/alicia-villarreal-desata-polemica-y-aviva-rumores-de-violencia-familiar/595835|0
https://www.meganoticias.mx/culiacan/noticia/feministas-tumban-puerta-de-palacio-gritan-indira-no-es-aliada/602192|0
https://www.meganoticias.mx/index.php/tehuacan/noticia/diana-lisey-sobreviviente-de-intento-de-fem1n1cidi0-sigue-buscando-justicia/602323|0
https://mvsnoticias.com/nacional/2025/3/8/8m-por-que-el-de-marzo-es-el-dia-de-la-mujer-681674.html|0
https://mvsnoticias.com/nacional/2025/3/8/8m-las-consignas-feministas-para-este-dia-internacional-de-la-mujer-681793.html|0
https://mvsnoticias.com/nacional/2025/3/8/en-vivo-marcha-8m-en-cdmx-2025-termina-la-movilizacion-en-la-cdmx-aqui-todos-los-detalles-681971.html|0
https://mvsnoticias.com/nacional/2025/3/8/en-vivo-marcha-8m-en-cdmx-2025-sigue-el-min-min-aqui-681971.html|0
https://mvsnoticias.com/tendencias/2025/3/8/estas-son-las-frases-que-puedes-enviar-una-mujer-el-8m-segun-la-inteligencia-artificial-681765.html|0
https://mvsnoticias.com/nacional/2025/3/7/dia-internacional-de-la-mujer-por-que-no-se-debe-felicitar-el-de-marzo-681891.html|0
https://mvsnoticias.com/nacional/cdmx/2025/3/8/en-vivo-marcha-8m-2025-en-cdmx-sigue-el-min-min-aqui-681971.html|0
https://mvsnoticias.com/nacional/2025/3/8/8m-asi-puedes-apoyar-organizaciones-feministas-que-luchan-por-tus-derechos-681949.html|0
https://mvsnoticias.com/nacional/2025/3/7/como-apoyar-si-no-puedes-asistir-la-marcha-del-8m-681884.html|0
https://mvsnoticias.com/tendencias/2025/3/6/marcha-8m-sin-ideas-10-frases-para-tucartel-681556.html|0
https://udgtv.com/noticias/esperan-a-mas-de-65-mil-mujeres-en-marcha-del-8m-en-jalisco-/261583|0
https://udgtv.com/noticias/a-dias-del-8m-margarita-denuncia-violencia/260966|0
https://udgtv.com/noticias/invitan-a-las-mujeres-participar-en-la-marcha-8m-en-lagos/256030|0
https://udgtv.com/noticias/mujeres-hacen-de-la-rabia-una-lucha-colectiva-/261778|0
https://udgtv.com/noticias/convocan-a-juezas-y-colectivos-a-favor-de-las-mujeres/259347|0
https://udgtv.com/podcast/canal44/ruta-44/ruta-44--8-m-avances-y-resistencias-en-mexico/262012|0
https://udgtv.com/noticias/uno-de-cada-4-legisladores-es-mujer/261256|0
https://udgtv.com/podcast/guadalajara/punto-cinco/punto-cinco---lu-10-mar-2025---lunesdeellas-8m-/261899|0
https://udgtv.com/noticias/mujeres-en-latinoamerica-exigen-igualdad-y-proteccion/261697|0
https://udgtv.com/podcast/guadalajara/dimension-colorida/-dimension-colorida---sa-08-mar-2025---8m-/262239|0
https://udgtv.com/noticias/invisibles-en-su-propio-dia-las-afganas-viven-sin-ilusion/261244|0
https://udgtv.com/podcast/guadalajara/grandiosas/grandiosas---sa-08-mar-2025---8m-especial-canto-a-las-musas/262242|0
https://udgtv.com/podcast/guadalajara/la-luciernaga/la-luciernaga---sa-08-mar-2025---mujeres-literatura-8m/262237|0
http://udgtv.com/noticias/piden-a-mexico-que-violencia-de-genero-sea-tema-prioritario/261698|0
https://udgtv.com/podcast/guadalajara/acentos/acentos---sa-08-mar-2025---8m-/262241|0
https://udgtv.com/podcast/guadalajara/el-checador/el-checador---sa-08-mar-2025---8m-/262238|0
https://udgtv.com/tags/la-luciernaga---sa-08-mar-2025---mujeres-literatura-8m/133354|0
https://udgtv.com/noticias/el-sistema-de-justicia-en-mexico-castiga-mas-a-las-mujeres/261661|0
https://udgtv.com/podcast/guadalajara/multiverso/multiverso---sa-08-mar-2025---8m-las-agendas-pendientes-/262243|0
https://udgtv.com/tags/grandiosas---sa-08-mar-2025---8m-especial-canto-a-las-musas/133364|0
https://udgtv.com/tags/dimension-colorida---sa-08-mar-2025---8m/133358|0
https://udgtv.com/tags/el-salon-de-los-suenos---sa-08-mar-2025---8m/133370|0
https://udgtv.com/noticias/proponen-renombrar-calles-de-tlaquepaque-en-honor-a-mujeres/261238|0
https://udgtv.com/noticias/activistas-mexicanas-advierten-del-impacto-de-la-corrupcion/262007|0
https://udgtv.com/tags/multiverso---sa-08-mar-2025---8m-las-agendas-pendientes/133366|0
https://udgtv.com/noticias/93-trabaja-tiempo-parcial-para-cuidar-mujeres/260921|0
https://udgtv.com/tags/el-checador---sa-08-mar-2025---8m/133356|0
https://udgtv.com/noticias/una-mujer-es-asesinada-cada-diez-minutos-por-su-pareja/261578|0
https://udgtv.com/noticias/onu-mujeres-avances-pero-persiste-discriminacion/261382|0
https://udgtv.com/noticias/mujeres-lideres-de-jalisco-convierten-el-dialogo-en-accion/261547|0
https://udgtv.com/autor/elizabeth-ortiz/49|0
https://udgtv.com/noticias/exponen-horizontes-culturales-de-raul-padilla-lopez-en-musa/261414|0
https://udgtv.com/noticias/mujeres-lideres-indigenas-enfrentan-machismo/261696|0
https://udgtv.com/noticias/cardenal-dijo-que-no-hablo-con-lemus-sobre-infancias-trans/261777|0
https://udgtv.com/noticias/el-congreso-puede-ser-sancionado-por-la-suprema-corte/261653|0
https://udgtv.com/noticias/derechos-de-las-mujeres-en-zapotitlan-de-vadillo/261504|0
https://udgtv.com/noticias/retoman-iniciativa-para-donacion-de-organos-en-jalisco/262310|0
https://udgtv.com/noticias/piden-la-intervencion-de-naciones-unidas-en-teuchitlan/262097|0
https://udgtv.com/noticias/funcionaria-multada-niega-informacion-publica/262250|0
https://udgtv.com/noticias/congreso-rechazo-reconocer-infancias-trans/261585|0
https://udgtv.com/podcast/guadalajara/punto-cinco/punto-cinco---lu-03-mar-2025---lunesdeellas-/260513|0
http://udgtv.com/noticias/sede-cihuatlan-del-cu-costa-sur/261840|0
https://udgtv.com/canal44|0
https://udgtv.com/podcast/guadalajara/cosa-publica-2-0/cosa-publica-2-0---lu-10-mar-2025-/261897|0
https://udgtv.com/noticias/60-adultos-y-13-ninos-y-adolescentes-tendran-sobrepeso/260480|0
https://udgtv.com/noticias/mexico-prohibe-el-cultivo-de-maiz-transgenico/261147|0
https://udgtv.com/noticias/un-concierto-que-lyrean-trae-a-guadalajara/261555|0
https://udgtv.com/podcast/guadalajara/la-voz-de-la-luna/la-voz-de-la-luna---lu-10-mar-2025-/261898|0
https://udgtv.com/noticias/zapopan-desacata-suspension-de-centro-ambiental-en-nixticuil/261946|0
https://udgtv.com/noticias/efrain-juarez-dice-que-pumas-no-saldran-como-victimas/260403|0
https://udgtv.com/noticias/economia-fronteriza-eeuu-mexico-resiente-nuevos-aranceles/261173|0
https://udgtv.com/podcast/guadalajara/la-maraca-atomica/-la-maraca-atomica---lu-10-mar-2025---250310-un-invitado/261901|0
https://udgtv.com/noticias/modulo-de-seguridad-en-nueva-central-camionera/261229|0
https://udgtv.com/autor/celia-nino/1084|0
https://udgtv.com/radioudg/guadalajara/programas|0
https://udgtv.com/noticias/la-banda-shr-presentara-su-ep-me-siento-mas-emo/261874|0
https://udgtv.com/noticias/estereotipados-y-androcentricos-simbolos-de-banos-publicos/260378|0
https://udgtv.com/podcast/guadalajara/resonancia/resonancia---lu-10-mar-2025---actualidad-psicodelica-/261903|0
https://udgtv.com/autor/udgtv---canal-44/98391|0
https://udgtv.com/podcast/guadalajara/esto-no-es-jazz/esto-no-es-jazz---lu-10-mar-2025---con-gilberto-cervantes/261902|0
https://udgtv.com/noticias/ocotlan-noticias|0
https://udgtv.com/noticias/coprisjal-da-recomendaciones-sobre-consumo-de-mariscos-ante/262402|0
https://udgtv.com/noticias/sin-orden-para-frenar-obras-en-el-nixticuil/262171|0
https://udgtv.com/noticias/lanzan-curso-aprender-para-emprender-en-la-formalidad-a/262358|0
https://udgtv.com/noticias/club-ayense-regresa-a-la-actividad-tras-jornada-de-descanso/262399|0
https://udgtv.com/noticias/zapopan-certificaran-a-asociaciones-civiles/262185|0
https://udgtv.com/noticias/calcula-tu-riesgo-de-enfermedad-renal-/262334|0
https://udgtv.com/podcast/guadalajara/la-voz-de-la-luna/-la-voz-de-la-luna---vie-07-mar-2025---bosque-/261673|0
https://udgtv.com/podcast/guadalajara/diario-revista-informativa/se-quemo-7-del-bosque-la-primavera---diario---11-mar-2025/261914|0
https://udgtv.com/podcast/guadalajara/cosa-publica-2-0/cosa-publica-2-0---ma-04-mar-2025/260789|0
https://udgtv.com/podcast/guadalajara/punto-cinco/punto-cinco---ju-06-mar-2025---juevesdeestridencia-/261496|0
https://udgtv.com/noticias/morena-pide-que-la-fgr-atraiga-el-caso-teuchitlan/262177|0
https://udgtv.com/noticias/inspector-y-la-maldita-vecindad-en-la-arena-guadalajara/261614|0
https://udgtv.com/noticias/le-quedan-ocho-meses-de-vida-a-picachos-frangie/262175|0
https://udgtv.com/noticias/union-de-tula-busca-financiamiento-deportivo/261929|0
https://udgtv.com/noticias/idef-y-ayuntamiento-fortalecen-la-capacidad-laboral/261912|0
https://udgtv.com/noticias/jalisco-rechaza-que-menores-cambien-identidad-de-genero/261620|0
http://udgtv.com/noticias/cucsur-avanza-con-expansion-equidad-e-investigacion/262068|0
https://udgtv.com/noticias/yuri-llevara-su-gira-iconica-a-la-arena-guadalajara-/261299|0
https://udgtv.com/noticias/la-verdadera-sabiduria-un-recetario-colonial/261924|0
https://udgtv.com/noticias/leones-negros-exploran-abrir-semilleros-de-futbol-en-autlan/262077|0
http://udgtv.com/noticias/la-lucha-libre-el-nuevo-tema-de-fanzines-brecha/262002|0
https://udgtv.com/noticias/dani-alves-es-demandado-por-los-pumas-unam-ante-el-tas-/260932|0
https://udgtv.com/noticias/autlan-noticias|0
https://udgtv.com/noticias/estados-unidos-considera-retrasar-un-mes-los-aranceles/260910|0
https://udgtv.com/noticias/tlaquepaque-clausura-3-bares-cada-semana/261227|0
https://udgtv.com/podcast/guadalajara/dejalo-sangrar/dejalo-sangrar---ma-11-mar-2025-/262055|0
https://udgtv.com/noticias/mas-dinero-y-tecnologia-a-favor-de-la-primavera/261921|0
https://udgtv.com/noticias/youporn-y-pornhub-buscan-impugnar-verificacion-de-edad/261507|0
https://udgtv.com/podcast/guadalajara/audiocracia/audiocracia---ma-11-mar-2025-/262053|0
https://udgtv.com/podcast/guadalajara/diario-revista-informativa/colectiva-perlita---diario---domingo-09-de-marzo-2025/261804|0
https://udgtv.com/podcast/guadalajara/play/play---ma-11-mar-2025-/262054|0
https://udgtv.com/podcast/guadalajara/diario-revista-informativa/refuerzan-investigacion-en-teuchitlan---diario---10-mar-2025/261800|0
https://udgtv.com/noticias/guadalajara-lanza-su-programa-anual-2025/258233|0
https://udgtv.com/noticias/anuario-2024-los-hechos-que-marcaron-el-ano/252167|0
https://udgtv.com/podcast/guadalajara/el-expresso-de-las-10/cristina-morfin-mujer-comunicadora-y-activista/261582|0
https://traficozmg.com/2025/03/8m-del-terror/|0
https://traficozmg.com/2025/03/edificios-se-pintan-en-conmemoracion-del-8m/|0
https://traficozmg.com/2025/03/https-traficozmg-com-2025-03-450-mujeres-de-la-policia-vial-resguardaran-las-marchas-del-8m/|0
https://traficozmg.com/2025/03/promueven-participacion-femenina-en-el-poder-judicial/|0
https://traficozmg.com/tag/magistradas/|0
https://traficozmg.com/category/si-jalo/|0
https://traficozmg.com/2025/03/dif-tlaquepaque-recibe-donacion-de-medicamentos/|0
https://traficozmg.com/2024/12/karla-y-jazmin-fueron-localizadas-despues-de-8-meses/|0
https://traficozmg.com/2024/12/inauguran-ilusionante-en-el-otrora-parque-solidaridad/|0
https://traficozmg.com/tag/jalisco/|0
https://traficozmg.com/2024/12/leyes-y-multas-comunes-en-las-epocas-decembrinas-en-jalisco/|0
https://traficozmg.com/2024/12/claudia-sheinbaum-anuncia-nueva-estrategia-nacional-contra-el-fentanilo/|0
https://traficozmg.com/2024/12/salvando-vidas-los-retuvo-por-conducir-ebrios/|0
https://traficozmg.com/2025/03/algunas-rutas-pararan-temporalmente-y-otras-cambiaran-derrotero/|0
https://traficozmg.com/2024/12/asi-localizaron-a-un-hombre-en-situacion-de-calle-en-guadalajara/|0
https://traficozmg.com/category/noticias/|0
https://traficozmg.com/2024/12/trump-solicita-suspender-prohibicion-de-tiktok-en-estados-unidos/|0
https://traficozmg.com/2024/12/sergio-arau-prepara-la-segunda-parte-de-un-dia-sin-mexicanos/|0
https://traficozmg.com/2024/12/reanudaran-servicios-el-2-de-enero-en-estas-oficinas/|0
https://traficozmg.com/2024/12/carlos-sadness-cierra-el-ano-con-bien-cerquita/|0
https://traficozmg.com/2024/12/fuerte-choque-en-la-avenida-francisco-silva-romero/|0
https://traficozmg.com/2024/12/eu-gana-disputa-comercial-contra-mexico-por-restricciones-al-maiz-transgenico/|0
https://traficozmg.com/2024/12/accidente-fatal-en-carretera-chapala/|0
https://traficozmg.com/2024/12/inauguran-ultimo-tramo-de-la-autopista-jala-puerto-vallarta/|0
https://traficozmg.com/2024/12/fuerte-explosion-deja-un-muerto-y-dos-heridos/|0
https://traficozmg.com/2024/12/vicente-fernandez-jr-celebra-respuesta-del-disco-de-su-padre/|0
https://traficozmg.com/2024/12/descuentos-para-el-pago-de-contribuciones-en-tlajomulco-2025/|0
https://traficozmg.com/2024/12/olivia-hussey-la-julieta-de-zeffirelli-muere-a-los-73-anos/|0
https://traficozmg.com/2024/12/messi-and-the-giants-la-nueva-serie-animada-de-disney/|0
https://traficozmg.com/2024/12/mexicana-de-aviacion-estrenara-nueva-flota-en-2025/|0
https://traficozmg.com/2024/12/programa-de-mantenimiento-carretero-invesion-para-ameca-y-tala/|0
https://traficozmg.com/2024/12/slavas-snowshow-vuelve-al-teatro-diana-en-junio-de-2025/|0
https://traficozmg.com/2024/12/conductor-de-didi-huye-tras-accidente-en-guadalajara/|0
https://traficozmg.com/2024/12/luz-negra-con-liam-neeson-es-la-favorita-en-netflix-este-finde/|0
https://traficozmg.com/2024/12/sheinbaum-confirma-captura-del-narcotraficante-vinculado-al-cartel-de-sinaloa/|0
https://www.cronicajalisco.com/notas-con_venta_de_artesanias_mujeres_conmemoran_el_8m_en_la_explanada_de_la_udeg-130934-2025|0
http://www.cronicajalisco.com/notas-no_es_desfile_es_protesta_el_eco_de_las_mujeres_retumba_en_guadalajara-130929-2025|0
https://www.cronicajalisco.com/notas-reconocen_lucha_de_las_mujeres_en_exposicion_efectuada_en_el_palacio_legislativo-130844-2025|0
https://www.cronicajalisco.com/notas-bancada_del_pri_en_el_congreso_quiere_construir_una_agenda_a_favor_de_las_mujeres-130723-2025|0
https://www.cronicajalisco.com/notas/notas-con_venta_de_artesanias_mujeres_conmemoran_el_8m_en_la_explanada_de_la_udeg-130934-2025|0
http://www.cronicajalisco.com/notas-entre_los_jovenes_esta_normalizada_la_violencia_de_genero_red_de_centros_de_justicia_para_las_mujeres-130793-2025|0
https://www.cronicajalisco.com/columnista-cinzia_luna_paredes_/notas-no_es_desfile_es_protesta_el_eco_de_las_mujeres_retumba_en_guadalajara-130929-2025|0
https://www.cronicajalisco.com/notas-avala_cardenal_decision_del_congreso_de_oponerse_al_cambio_de_genero_en_menores_de_edad-130935-2025|0
http://www.cronicajalisco.com/notas-el_liderazgo_de_las_mujeres_un_factor_para_contribuir_a_una_mejor_sociedad-130872-2025|0
https://www.cronicajalisco.com/notas-invitan_a_postular_a_mujeres_al_galardon_irene_robledo-130465-2025|0
http://www.cronicajalisco.com/notas-el_carton_de_falcon-130940-2025|0
https://www.cronicajalisco.com/columnista-cinzia_luna_paredes_/notas-pon_tu_que_eres_el_diablo_que_querrias_que_te_diera_para_ganar_el_premio_booker_dahlia_de_la_cerda-130876-2025|0
https://www.cronicajalisco.com/notas-el_carton_de_falcon-130870-2025|0
https://www.cronicajalisco.com/columnista-laura_o_robles_sahagun-46|0
http://www.cronicajalisco.com/notas-pepe_grillo-130946-2025|0
https://www.cronicajalisco.com/notas-rechaza_el_congreso_de_jalisco_reconocer_derecho_de_infancias_trans_a_cambiar_su_identidad-130932-2025|0
https://www.wp.cronicajalisco.com/notas-presentan_late_guadalajara_programa_cultural_tapatio_para_este_2025-130615-2025|0
https://www.cronicajalisco.com/notas-punto_atras_(cuento)-130937-2025|0
https://www.cronicajalisco.com/notas-de_la_llamada_con_trump_a_la_pachanga_oxigeno_para_la_presidenta-130942-2025|0
https://www.cronicajalisco.com/notas-al_congreso_le_toca_legislar_por_el_derecho_a_la_identidad_de_las_adolescencias_trans_en_jalisco-130087-2025|0
https://www.cronicajalisco.com/notas-sheinbaum_responde_con_dureza_a_los_aranceles_de_trump_senala_que_se_ha_difamado_al_pais-130850-2025|0
https://www.cronicajalisco.com/notas-festejan_jubilacion_de_don_joss_primer_bombero_de_tlajomulco_que_se_retira_con_vida-130939-2025|0
https://www.cronicajalisco.com/notas-jalisco_es_sede_de_consultas_para_plan_nacional_de_cultura-129948-2025|0
https://www.cronicajalisco.com/notas-no_me_hable_usted_manolete-130426-2025|0
https://www.cronicajalisco.com/notas-haran_convocatoria_publica_para_elegir_al_titular_de_la_unidad_de_vigilancia_del_congreso-130596-2025|0
https://www.cronicajalisco.com/notas-refuerzan_capacitacion_en_transparencia_gubernamental-130545-2025|0
https://mail.cronicajalisco.com/columnista-francisco_baez_rodriguez-111|0
https://www.cronicajalisco.com/notas-morena_jalisco_anuncia_proceso_de_afiliacion_en_los_125_municipios_y_realiza_gira_para_fortalecer_al_movimiento-130113-2025|0
https://www.cronicajalisco.com/notas-capacitan_a_funcionarios_de_san_miguel_el_alto_en_atencion_de_familiares_de_personas_desaparecidas-130082-2025|0
https://www.cronicajalisco.com/notas-pepe_grillo-130405-2025|0
https://www.cronicajalisco.com/notas-mayor_conectividad_de_puerto_vallarta_nueva_ruta_de_alaska_airlines_directa_a_nueva_york-130023-2025|0
https://www.cronicajalisco.com/notas-inician_clases_del_programa_ecos_musica_para_la_paz-130527-2025|0
https://www.cronicajalisco.com/buscador|0
https://www.cronicajalisco.com/notas-teuchitlan_el_infierno_del_narco_en_un_rancho_de_exterminio-130936-2025|0
https://www.cronicajalisco.com/notas-indagan_relacion_de_presuntos_asaltantes_de_camion_blindado_y_homicidas_con_hechos_similares-130178-2025|0
https://blog.cronicajalisco.com/notas-prometeo_escultura_en_biblioteca_publica_juan_jose_arreola-130714-2025|0
https://oem.com.mx/elsoldemexico/metropoli/marcha-del-8m-2025-fecha-horarios-ruta-y-todo-lo-que-debes-saber-21663395|0
https://oem.com.mx/elsoldemexico/metropoli/8m-a-10-anos-de-la-organizacion-de-mujeres-en-la-cdmx-22047532|0
https://oem.com.mx/elsoldesinaloa/cultura/8m-por-que-se-conmemora-el-dia-internacional-de-la-mujer-en-marzo-22042518|0
https://oem.com.mx/elsoldemexico/metropoli/marcha-8m-en-cdmx-mujeres-salen-a-protestar-contra-violencia-y-feminicidios-22056932|0
https://oem.com.mx/elsoldelcentro/tendencias/conoce-el-significado-de-los-colores-que-se-usan-en-la-marcha-por-el-8m-22058265|0
https://oem.com.mx/elsoldemexico/mexico/8m-en-mexico-mujeres-exigen-un-alto-a-feminicidios-y-violencia-22057986|0
https://oem.com.mx/elsoldetlaxcala/analisis/resiliencia-8m-un-dia-para-recordar-una-lucha-para-no-olvidar-22116511|0
https://oem.com.mx/la-prensa/mundo/mujeres-marchan-en-las-principales-ciudades-del-mundo-por-el-8m-fotos-22064401.app.json|0
https://oem.com.mx/diariodequeretaro/tendencias/marcharas-este-8m-ten-en-cuenta-estas-recomendaciones-22010903|0
https://oem.com.mx/la-prensa/metropoli/cuantas-mujeres-marcharon-en-cdmx-este-8m-autoridades-comparten-cifra-oficial-22067599|0
https://oem.com.mx/elsoldemexico/analisis/8m-la-razon-esta-de-nuestro-lado-22091161|0
https://oem.com.mx/elheraldodechihuahua/local/marcha-8m-asi-han-impactado-las-protestas-feministas-para-la-creacion-de-leyes-a-favor-de-las-mujeres-22060390|0
https://oem.com.mx/eloccidental/local/8m-mas-de-38-mil-mujeres-salieron-a-marchar-en-guadalajara-22068421|0
https://oem.com.mx/elsoldehidalgo/local/8m-reformas-y-leyes-que-han-logrado-las-feministas-al-paso-de-los-anos-22029058|0
https://oem.com.mx/la-prensa/metropoli/marcha-8m-cdmx-2025-ruta-calles-cerradas-y-vias-alternas-22046515|0
https://oem.com.mx/elsoldezacatecas/tendencias/el-color-morado-en-el-8m-un-simbolo-de-lucha-y-resistencia-22007708|0
https://oem.com.mx/elsoldedurango/analisis/8m-mujeres-en-lucha-historia-y-futuro-22032297|0
https://oem.com.mx/elsoldemorelia/local/cronica-8m-motos-escaramuzas-y-feministas-la-marcha-de-la-asamblea-de-mujeres-22066510|0
https://oem.com.mx/elsoldezamora/tendencias/por-que-marchan-las-mujeres-el-8m-21986332|0
https://oem.com.mx/elsoldemexico/metropoli/marcha-del-8m-en-cdmx-estaciones-de-metro-y-metrobus-que-van-a-cerrar-22056218|0
https://oem.com.mx/elsoldedurango/local/el-significado-del-panuelo-morado-y-verde-en-la-marcha-del-8m-en-durango-22059078|0
https://oem.com.mx/elheraldodechihuahua/local/ni-una-menos-marchan-miles-de-mujeres-en-chihuahua-por-el-8m-22064676|0
https://oem.com.mx/eloccidental/local/8m-guadalajara-2025-conoce-las-rutas-para-salir-a-marchar-21854253|0
https://oem.com.mx/elsoldelcentro/mexico/mujeres-en-aguascalientes-participan-en-marcha-del-8m-exigiendo-justicia-y-seguridad-22067934|0
https://oem.com.mx/elsoldepuebla/tendencias/dia-de-la-mujer-como-puede-sumarse-un-hombre-a-la-conmemoracion-del-8m-22014684|0
https://oem.com.mx/elsoldehermosillo/local/8m-mujeres-toman-las-calles-de-hermosillo-y-alzan-la-voz-22066136|0
https://oem.com.mx/elsoldetoluca/local/feministas-llaman-a-la-unidad-y-a-la-libre-expresion-para-el-8m-en-toluca-22008570|0
https://oem.com.mx/elsoldeleon/local/8m-miles-de-mujeres-marchan-en-guanajuato-capital-fuimos-todas-22068101|0
https://oem.com.mx/elsoldecuernavaca/local/8m-marcha-feminista-en-cuernavaca-exige-freno-a-la-violencia-22046299|0
https://oem.com.mx/diariodexalapa/local/por-que-marchan-las-mujeres-el-8m-dia-de-la-mujer-22078126|0
https://oem.com.mx/elheraldodechihuahua/local/concluye-manifestacion-del-8m-en-chihuahua-capital-mas-de-8-mil-mujeres-salieron-a-las-calles-22068091|0
https://oem.com.mx/elsoldemexico/mexico/8m-en-mexico-mujeres-exigen-un-alto-a-feminicidios-y-violencia-22057986.app.json|0
https://oem.com.mx/elsoldepuebla/local/cuales-seran-las-marchas-por-el-8m-en-puebla-21870104|0
https://oem.com.mx/eloccidental/local/8m-guadalajara-2025-marchas-y-actividades-que-podras-disfrutar-para-conmemorar-el-dia-22040649|0
https://oem.com.mx/eloccidental/local/8m-en-guadalajara-mujeres-exigen-justicia-por-feminicidios-y-victimas-en-teuchitlan-22065818|0
https://oem.com.mx/elsoldezamora/tendencias/por-que-los-panuelos-en-la-marcha-8m-son-verdes-y-morados-21989893|0
https://oem.com.mx/elsoldelcentro/tendencias/tambien-vas-a-la-marcha-del-8m-asi-podemos-cuidarnos-y-cuidar-a-las-demas-22011842|0
https://oem.com.mx/elsoldepuebla/local/8m-en-puebla-cierres-viales-por-las-marchas-recomendaciones-y-vias-alternas-22049942|0
https://oem.com.mx/elsoldezacatecas/local/toma-nota-horario-y-ruta-de-la-marcha-8m-en-zacatecas-22056584|0
https://oem.com.mx/elsoldedurango/local/donde-cuando-y-a-que-hora-inicia-la-marcha-de-mujeres-por-el-8m-en-durango-22026925|0
https://oem.com.mx/elsoldemorelia/local/danos-en-la-cantera-por-marcha-del-8m-se-conoceran-la-proxima-semana-22073037|0
https://oem.com.mx/elsudcaliforniano/local/organizacion-rutas-y-recomendaciones-para-la-movilizacion-feminista-del-8m-en-la-paz-21985429|0
https://oem.com.mx/elsoldetlaxcala/analisis/reflexiones-sobre-el-8m-22083806.app.json|0
https://oem.com.mx/elsoldehidalgo/analisis/de-la-conmemoracion-a-la-reflexion-por-el-8m-22117688|0
https://oem.com.mx/elheraldodejuarez/local/preparan-marchas-para-este-8m-en-ciudad-juarez-22049402|0
https://oem.com.mx/elsoldesinaloa/local/culiacan-marcha-por-la-justicia-y-la-igualdad-en-el-8m-2025-22058691|0
https://oem.com.mx/elsoldemazatlan/local/marcha-8m-mazatlan-horario-ruta-y-recomendaciones-22029537|0
https://oem.com.mx/elsoldetijuana/local/8m-2025-en-tijuana-horario-ruta-orden-de-contingentes-y-actividades-21992855|0
https://oem.com.mx/elsoldehidalgo/local/8m-en-pachuca-actividades-a-realizar-este-2025-21887609|0
https://oem.com.mx/elsoldepuebla/local/8m-en-puebla-conoce-las-marchas-que-se-haran-al-interior-del-estado-21889061|0
https://oem.com.mx/eloccidental/policiaca/marchas-del-8m-en-guadalajara-seran-resguardadas-por-450-oficiales-mujeres-de-la-policia-vial-22039997|0
https://oem.com.mx/diariodexalapa/local/actividades-para-conmemorar-el-dia-internacional-de-la-mujer-en-xalapa-sedes-y-horarios-22046743|0
https://oem.com.mx/elsoldehidalgo/local/8m-en-hidalgo-municipios-en-los-que-habra-marcha-horarios-22025333|0
https://oem.com.mx/elsoldemexico/metropoli/sheinbaum-8m-y-cnte-fin-de-semana-en-cdmx-tendra-protestas-y-marchas-22025848|0
https://oem.com.mx/elsoldedurango/local/analiza-gobierno-municipal-presentar-denuncias-por-afectaciones-en-marcha-del-8m-22148778|0
https://oem.com.mx/elsoldemexico/tendencias/ipn-lanza-carrera-gratis-del-8m-para-mujeres-paso-a-paso-para-inscribirte-21772346|0
https://oem.com.mx/elheraldodechiapas/local/marcha-del-8m-en-tuxtla-gutierrez-2025-21820114|0
https://oem.com.mx/elheraldodechihuahua/local/marcha-8m-hay-una-detenida-por-danos-a-edificios-en-el-centro-de-chihuahua-de-acuerdo-a-version-de-estatales-22067242|0
https://oem.com.mx/elsoldehidalgo/local/inician-actividades-para-el-8m-en-pachuca-22059305|0
https://oem.com.mx/elsoldelalaguna/local/marcha-8m-en-la-laguna-2025-ruta-y-horario-en-torreon-gomez-palacio-y-lerdo-22009029|0
https://oem.com.mx/elheraldodechiapas/local/comercios-de-tuxtla-gutierrez-se-preparan-para-la-marcha-del-8m-con-medidas-de-seguridad-22049133|0
https://oem.com.mx/elheraldodechihuahua/local/se-reunen-mujeres-en-la-glorieta-de-pancho-villa-previo-al-arranque-de-la-marcha-del-8m-22063196|0
https://oem.com.mx/elsoldesinaloa/local/8m-descubre-que-paso-y-por-que-se-conmemora-en-marzo-el-dia-de-la-mujer-13286217.app.json|0
https://oem.com.mx/elsoldemexico/analisis/8m-los-avances-y-los-retos-21992445|0
https://oem.com.mx/lavozdelafrontera/tendencias/8m-recomendaciones-de-seguridad-si-vas-a-manifestarte-21995816|0
https://oem.com.mx/elsoldemexico/analisis/y-despues-del-8m-que-sigue-22072675|0
https://oem.com.mx/diariodequeretaro/cultura/8m-la-historia-de-una-lucha-que-aun-no-termina-21937062|0
https://oem.com.mx/diariodequeretaro/local/anuncian-cierres-viales-por-marcha-del-8m-22040982|0
https://oem.com.mx/elsoldepuebla/analisis/destino-politico-reflexiones-del-8m-22096553|0
https://oem.com.mx/elheraldodechihuahua/local/solicitan-diputados-comparecencia-de-gilberto-loya-por-detencion-de-activistas-durante-8m-22148697|0
https://oem.com.mx/elheraldodechiapas/tendencias/todo-lo-que-necesitas-saber-para-tu-primer-8m-guia-para-la-marcha-feminista-21756069|0
https://oem.com.mx/elsoldemexico/gossip/vivir-quintana-interpreta-cancion-sin-miedo-en-marcha-8m-en-madrid-22062706|0
https://oem.com.mx/elheraldodechihuahua/local/blindan-glorieta-de-pancho-villa-previo-a-la-marcha-del-8m-22055452|0
https://oem.com.mx/elsoldeacapulco/local/conoces-el-origen-del-8m-enterate-que-habra-en-guerrero-21912474.app.json|0
https://oem.com.mx/elsoldemorelia/local/8m-mujeres-de-otras-generaciones-nos-abrieron-camino-en-la-geologia-22132871.app.json|0
https://oem.com.mx/elsoldelcentro/tendencias/no-puedes-marchar-este-8m-asi-puedes-apoyar-el-movimiento-22056790|0
https://oem.com.mx/elsoldedurango/analisis/entre-el-derecho-a-manifestarse-en-el-8m-y-los-danos-provocados-22099739|0
https://oem.com.mx/diariodexalapa/local/por-el-8m-marchan-cientos-de-mujeres-en-veracruz-y-boca-del-rio-22067467|0
https://oem.com.mx/elsoldetoluca/local/enfrentamientos-en-el-8m-mujeres-tiran-vallas-frente-a-palacio-de-gobierno-22065487|0
https://oem.com.mx/elsoldesanluis/local/la-uaslp-blindada-para-el-8m-pero-con-mensajes-feministas-22007245|0
https://oem.com.mx/elsudcaliforniano/local/que-es-y-que-hace-el-bloque-negro-en-las-marchas-del-8m-22011919.app.json|0
https://oem.com.mx/elsoldetlaxcala/local/este-8m-mujeres-de-tlaxcala-alzan-la-voz-en-defensa-de-sus-derechos-22046604|0
https://oem.com.mx/elheraldodechiapas/tendencias/datos-curiosos-sobre-el-dia-internacional-de-la-mujer-22055050|0
https://oem.com.mx/elsoldemorelia/local/vandalismo-e-iconoclasia-en-la-marchas-del-8m-en-mexico-21989214|0
https://oem.com.mx/elsoldeparral/local/marchan-cientos-de-mujeres-en-parral-en-conmemoracion-del-8m-22065152|0
https://oem.com.mx/elsoldehidalgo/local/8m-protegeran-con-vallas-palacio-de-gobierno-y-el-reloj-monumental-22045710|0
https://oem.com.mx/elsoldetampico/local/tiempo-de-mujeres-la-marcha-del-8m-en-tampico-pide-acciones-no-discursos-22067468|0
https://oem.com.mx/elsoldemorelia/local/8m-no-llegamos-todas-presidenta-se-manifiestan-mujeres-proletarias-22059865|0
https://oem.com.mx/la-prensa/metropoli/marcha-del-8m-en-cdmx-impone-record-de-asistencia-fotorreportaje-22081450|0
https://oem.com.mx/elsoldelcentro/local/operativo-vial-por-marcha-del-8m-en-aguascalientes-enterate-de-las-calles-cerradas-y-rutas-alternas-22046001|0
https://oem.com.mx/elheraldodechihuahua/local/marcha-8m-22067743|0
https://oem.com.mx/elsoldeleon/local/por-marcha-del-8m-de-leon-las-rutas-de-camiones-se-veran-afectadas-por-4-horas-22030218|0
https://oem.com.mx/la-prensa/metropoli/dia-internacional-de-la-mujer-cientos-marcha-en-el-8m-contra-la-violencia-de-genero-22058766|0
https://oem.com.mx/elsoldelcentro/local/que-opinan-los-hombres-sobre-las-manifestaciones-del-8m-o-dia-internacional-de-la-mujer-21927163.app.json|0
https://oem.com.mx/elsoldedurango/local/gastara-municipio-2-mdp-para-reparar-danos-de-la-marcha-8m-22130555|0
https://oem.com.mx/elheraldodechihuahua/local/realizaran-operativo-vial-previo-a-marcha-del-8m-calles-del-centro-permaneceran-cerradas-22058541|0
https://oem.com.mx/elsoldehidalgo/local/marea-verde-hidalgo-exige-reparacion-integral-del-dano-a-victimas-del-8m-22131598.app.json|0
https://oem.com.mx/elheraldodechihuahua/analisis/8m-marcho-por-el-derecho-a-ser-serenamente-feliz-en-paz-e-igualdad-22049038|0
https://oem.com.mx/diariodexalapa/local/8m-en-veracruz-cientos-de-mujeres-marchan-en-xalapa-nueva-ruta-misma-demanda-22061506|0
https://arquimediosgdl.org.mx/las-mujeres-en-guadalajara/|0
https://arquimediosgdl.org.mx/8m-un-ejercicio-de-introspeccion/|0
https://arquimediosgdl.org.mx/como-entender-la-marcha-del-8m/|0